pergunta,alternativa_a,alternativa_b,correta,explicacao
"Uma loja compra um espaço em uma revista impressa e combina diretamente com a editora o tamanho e o período do anúncio.","Publicidade Programática","Publicidade Tradicional",B,"A negociação é feita diretamente com o veículo de comunicação, sem compra automatizada."
"Uma empresa utiliza uma plataforma para comprar automaticamente espaços publicitários disponíveis em milhares de sites.","Publicidade Programática","Publicidade Tradicional",A,"A compra dos espaços é realizada automaticamente por meio de uma plataforma."
"Uma empresa conversa diretamente com o responsável comercial de um portal e fecha um contrato para exibir um banner por três meses.","Publicidade Programática","Publicidade Tradicional",B,"Existe uma negociação direta entre o anunciante e o veículo."
"Um anúncio é comprado automaticamente no momento em que um espaço publicitário fica disponível em um site.","Publicidade Programática","Publicidade Tradicional",A,"A oportunidade de anúncio é negociada automaticamente por sistemas."
"Uma empresa escolhe manualmente um portal específico e paga diretamente ao portal para exibir seu anúncio.","Publicidade Programática","Publicidade Tradicional",B,"A empresa está negociando diretamente com um veículo específico."
"Uma plataforma automatizada encontra oportunidades de exibição de anúncios em diferentes sites e aplicativos.","Publicidade Programática","Publicidade Tradicional",A,"O processo utiliza sistemas automatizados para encontrar e comprar espaços publicitários."
"Uma empresa envia um e-mail para o departamento comercial de um site para negociar o preço de um banner.","Publicidade Programática","Publicidade Tradicional",B,"A negociação acontece manualmente entre a empresa e o veículo."
"Um sistema participa automaticamente da compra de espaços publicitários disponíveis em páginas da internet.","Publicidade Programática","Publicidade Tradicional",A,"A compra é realizada por sistemas automatizados."
"Uma empresa fecha diretamente com um jornal online a publicação de um anúncio na página inicial durante uma semana.","Publicidade Programática","Publicidade Tradicional",B,"O espaço foi comprado diretamente do veículo por meio de uma negociação."
"Uma plataforma permite que uma empresa compre automaticamente oportunidades de exibição de anúncios em vários sites.","Publicidade Programática","Publicidade Tradicional",A,"A plataforma automatiza a compra de diferentes espaços publicitários."
"Uma empresa negocia pessoalmente com o comercial de um site o valor de um espaço para publicidade.","Publicidade Programática","Publicidade Tradicional",B,"A negociação manual e direta caracteriza o modelo tradicional."
"Um sistema identifica uma oportunidade de anúncio e permite que diferentes anunciantes concorram automaticamente por aquele espaço.","Publicidade Programática","Publicidade Tradicional",A,"A competição automatizada por oportunidades de anúncios é característica da publicidade programática."
"Uma marca compra diretamente uma página inteira de um portal para divulgar seu produto durante um mês.","Publicidade Programática","Publicidade Tradicional",B,"A marca está comprando o espaço diretamente do veículo."
"Uma empresa utiliza tecnologia para comprar espaços publicitários automaticamente em sites, aplicativos e vídeos.","Publicidade Programática","Publicidade Tradicional",A,"A tecnologia automatiza a compra e distribuição dos espaços publicitários."
"Uma agência entra em contato com vários sites e negocia individualmente os valores de cada campanha.","Publicidade Programática","Publicidade Tradicional",B,"A agência está realizando negociações manuais com cada veículo."
"Um sistema automatizado recebe uma oportunidade de anúncio e realiza rapidamente o processo de compra do espaço.","Publicidade Programática","Publicidade Tradicional",A,"O processo de compra ocorre automaticamente por meio de sistemas."
"Uma empresa escolhe um único portal e combina diretamente com ele o preço e a duração da campanha.","Publicidade Programática","Publicidade Tradicional",B,"A compra direta e negociada com o veículo caracteriza a publicidade tradicional."
"Uma campanha utiliza uma plataforma que automatiza a compra de espaços em diferentes veículos digitais.","Publicidade Programática","Publicidade Tradicional",A,"A principal característica apresentada é a automatização da compra dos espaços."
"Um anunciante negocia diretamente com o proprietário de um site para colocar um banner em uma posição específica.","Publicidade Programática","Publicidade Tradicional",B,"O anunciante está negociando diretamente com o proprietário do veículo."
"Uma empresa utiliza sistemas automatizados para disputar oportunidades de exibição de seus anúncios em tempo real.","Publicidade Programática","Publicidade Tradicional",A,"A utilização de sistemas automatizados para disputar oportunidades de anúncios é característica da publicidade programática."